,F0semitoneFrom27.5Hz_sma3nz_amean,F0semitoneFrom27.5Hz_sma3nz_stddevNorm,F0semitoneFrom27.5Hz_sma3nz_percentile20.0,F0semitoneFrom27.5Hz_sma3nz_percentile50.0,F0semitoneFrom27.5Hz_sma3nz_percentile80.0,F0semitoneFrom27.5Hz_sma3nz_pctlrange0-2,F0semitoneFrom27.5Hz_sma3nz_meanRisingSlope,F0semitoneFrom27.5Hz_sma3nz_stddevRisingSlope,F0semitoneFrom27.5Hz_sma3nz_meanFallingSlope,F0semitoneFrom27.5Hz_sma3nz_stddevFallingSlope,loudness_sma3_amean,loudness_sma3_stddevNorm,loudness_sma3_percentile20.0,loudness_sma3_percentile50.0,loudness_sma3_percentile80.0,loudness_sma3_pctlrange0-2,loudness_sma3_meanRisingSlope,loudness_sma3_stddevRisingSlope,loudness_sma3_meanFallingSlope,loudness_sma3_stddevFallingSlope,spectralFlux_sma3_amean,spectralFlux_sma3_stddevNorm,mfcc1_sma3_amean,mfcc1_sma3_stddevNorm,mfcc2_sma3_amean,mfcc2_sma3_stddevNorm,mfcc3_sma3_amean,mfcc3_sma3_stddevNorm,mfcc4_sma3_amean,mfcc4_sma3_stddevNorm,jitterLocal_sma3nz_amean,jitterLocal_sma3nz_stddevNorm,shimmerLocaldB_sma3nz_amean,shimmerLocaldB_sma3nz_stddevNorm,HNRdBACF_sma3nz_amean,HNRdBACF_sma3nz_stddevNorm,logRelF0-H1-H2_sma3nz_amean,logRelF0-H1-H2_sma3nz_stddevNorm,logRelF0-H1-A3_sma3nz_amean,logRelF0-H1-A3_sma3nz_stddevNorm,F1frequency_sma3nz_amean,F1frequency_sma3nz_stddevNorm,F1bandwidth_sma3nz_amean,F1bandwidth_sma3nz_stddevNorm,F1amplitudeLogRelF0_sma3nz_amean,F1amplitudeLogRelF0_sma3nz_stddevNorm,F2frequency_sma3nz_amean,F2frequency_sma3nz_stddevNorm,F2bandwidth_sma3nz_amean,F2bandwidth_sma3nz_stddevNorm,F2amplitudeLogRelF0_sma3nz_amean,F2amplitudeLogRelF0_sma3nz_stddevNorm,F3frequency_sma3nz_amean,F3frequency_sma3nz_stddevNorm,F3bandwidth_sma3nz_amean,F3bandwidth_sma3nz_stddevNorm,F3amplitudeLogRelF0_sma3nz_amean,F3amplitudeLogRelF0_sma3nz_stddevNorm,alphaRatioV_sma3nz_amean,alphaRatioV_sma3nz_stddevNorm,hammarbergIndexV_sma3nz_amean,hammarbergIndexV_sma3nz_stddevNorm,slopeV0-500_sma3nz_amean,slopeV0-500_sma3nz_stddevNorm,slopeV500-1500_sma3nz_amean,slopeV500-1500_sma3nz_stddevNorm,spectralFluxV_sma3nz_amean,spectralFluxV_sma3nz_stddevNorm,mfcc1V_sma3nz_amean,mfcc1V_sma3nz_stddevNorm,mfcc2V_sma3nz_amean,mfcc2V_sma3nz_stddevNorm,mfcc3V_sma3nz_amean,mfcc3V_sma3nz_stddevNorm,mfcc4V_sma3nz_amean,mfcc4V_sma3nz_stddevNorm,alphaRatioUV_sma3nz_amean,hammarbergIndexUV_sma3nz_amean,slopeUV0-500_sma3nz_amean,slopeUV500-1500_sma3nz_amean,spectralFluxUV_sma3nz_amean,loudnessPeaksPerSec,VoicedSegmentsPerSec,MeanVoicedSegmentLengthSec,StddevVoicedSegmentLengthSec,MeanUnvoicedSegmentLength,StddevUnvoicedSegmentLength,equivalentSoundLevel_dBp,targetValue
0,24.941166,0.16907814,23.08824,25.179256,27.419968,4.331728,342.45667,375.70474,70.889824,116.699265,0.3471682,0.98146975,0.06652787,0.23568298,0.5942796,0.5277517,7.403106,5.1883893,5.938943,5.810021,0.17236224,1.5318367,22.744774,0.5880917,15.552785,0.72578746,8.284307,1.4786459,6.9713044,1.9855362,0.03461599,2.4227717,1.1358031,0.91163826,4.6311793,0.9946829,4.7117977,3.1253476,26.907007,0.43895668,435.43146,0.30969873,1200.3002,0.18279931,-110.39799,-0.84839547,1452.7064,0.14552613,886.00464,0.3867641,-117.01804,-0.7326522,2474.658,0.08483466,817.1301,0.43241864,-119.538376,-0.6938591,-18.550577,-0.4350536,27.56871,0.30917826,0.015234835,2.316498,-0.020479472,-0.63538224,0.26267797,1.0677105,30.496698,0.37872013,17.532726,0.7210318,12.342728,1.1558906,12.408319,1.2917229,-12.398916,21.48425,-0.0056227227,-0.014459351,0.09041204,1.8007077,1.6796958,0.27301887,0.27233616,0.31393442,0.82845074,-33.986748,1
1,23.866987,0.19286418,21.66304,23.753845,25.81696,4.153919,320.3692,422.58945,89.64944,126.83715,0.25415006,1.0386264,0.06556951,0.14420575,0.407924,0.34235448,6.931005,4.9511957,4.8688073,3.3399043,0.103458375,1.309784,24.073492,0.50586534,7.8807435,1.5631788,15.08341,0.9179945,0.1351121,106.18741,0.044222623,1.7945653,1.4086349,0.7715881,2.7586937,1.3641863,2.8731675,4.7634034,17.778044,0.71370435,481.6511,0.359705,1191.8906,0.18725972,-113.65349,-0.81354964,1502.9838,0.17528068,880.4452,0.37891045,-118.1002,-0.73245645,2487.373,0.11127799,813.7379,0.37142545,-118.84532,-0.7191968,-14.9955845,-0.51936626,21.662659,0.37980822,0.0070320596,4.9577713,-0.021698933,-0.6539105,0.17757347,0.914739,30.294693,0.40358028,5.4288907,2.4643223,18.950552,0.8271712,1.4872648,11.403407,-13.929163,22.600695,-0.022438029,-0.013361785,0.04072904,1.7906994,2.1933112,0.1984472,0.17955106,0.24950658,0.40319213,-38.500645,1
2,25.125814,0.17462441,23.75461,25.447317,27.118347,3.363737,277.83493,492.9227,98.067215,138.66365,0.25842595,1.2142843,0.05054656,0.08546022,0.51066166,0.4601151,6.485511,3.9242501,5.4805493,3.3709886,0.10816067,1.4239943,22.726095,0.52478737,15.992489,0.56152314,10.597889,1.1719506,2.3371172,5.121662,0.04002741,2.3325713,1.2599297,0.8664891,4.5086217,0.95380145,1.8716357,8.431255,26.74617,0.6021844,443.7986,0.368297,1166.0913,0.20753704,-135.21382,-0.66914666,1461.281,0.15579602,876.6944,0.39753693,-139.36703,-0.5992965,2537.5625,0.1248399,944.0707,0.5360612,-142.00954,-0.56202066,-17.8831,-0.46881613,26.829779,0.3369974,0.037292507,0.9091844,-0.020496206,-0.5863899,0.25731584,0.67641616,30.420618,0.37008893,16.423763,0.6825006,18.651812,0.7273417,1.04996,14.06824,-14.994716,24.624203,-0.0014567288,-0.015481216,0.03026348,1.5431378,1.0292398,0.3210606,0.3109766,0.622406,1.4615324,-35.732204,1
3,26.992826,0.11712403,25.425995,26.997032,28.415401,2.9894066,287.93945,357.19693,79.76227,247.33707,0.19730523,0.99791795,0.043130618,0.11537399,0.338583,0.2954524,4.1394887,2.6764505,3.0500581,2.1750946,0.071687326,1.2582631,24.773935,0.5591789,15.799496,0.78948826,7.8740497,1.8475977,0.32916826,42.46187,0.028084906,2.2896423,1.0300106,1.0625701,6.1047487,0.58468753,3.7325623,2.88619,30.656511,0.3992001,449.9306,0.33848533,1257.2406,0.15753569,-120.917725,-0.7572181,1441.467,0.18704501,949.85004,0.28885725,-125.325096,-0.677965,2590.5227,0.0937688,850.663,0.46282685,-129.94704,-0.61189634,-20.067543,-0.47798917,31.887764,0.32457373,0.026635777,1.5219151,-0.017015712,-0.8946612,0.13182124,0.7850698,33.2518,0.3459114,18.181587,0.7162143,12.406564,1.3052411,-2.032298,-8.831403,-12.948091,24.025393,-0.013693502,-0.0058193393,0.026652679,2.0644176,1.6492974,0.24942027,0.21022336,0.33961874,0.6859385,-39.32675,1
4,23.669725,0.2968234,15.614708,27.426607,29.722683,14.107975,352.56516,475.8808,192.10887,351.59647,0.14628552,1.002403,0.059555124,0.10374151,0.21268389,0.15312876,4.199367,7.228974,2.7654297,6.2262383,0.36362165,1.7849939,23.277197,0.39938393,16.071045,0.5938231,16.908382,0.5524207,17.192602,0.5777078,0.06588974,1.8405236,1.7558213,0.85348463,1.6010205,4.913365,6.363186,5.613474,23.932606,1.233173,651.31476,0.46690035,1278.7844,0.18507989,-146.0368,-0.53568506,1746.3873,0.17442288,1067.0808,0.37375763,-148.5655,-0.49092776,2820.422,0.12940943,1157.8444,0.39199108,-150.73407,-0.46315327,-28.227812,-0.2808132,39.27866,0.25733933,-0.07457663,-0.700338,-0.014155901,-0.8320421,0.3572757,1.5987909,28.190813,0.26900283,21.043533,0.53704554,18.51147,0.57643807,14.129672,0.78785616,-28.83202,40.54342,-0.1029424,-0.004919241,0.36605552,0.40112314,2.9994483,0.09476588,0.110272676,0.22793344,0.44185996,-31.078304,1
5,34.596813,0.13682184,32.276432,34.249683,37.023495,4.7470627,435.29077,677.18665,132.78427,259.88336,0.26278654,1.1198151,0.05454831,0.13344276,0.44397402,0.3894257,6.5404,4.6732473,5.12085,3.9512994,0.1027614,1.5377277,19.834696,0.6416008,9.071144,1.4047095,9.827298,1.5145403,3.0291822,4.756854,0.024097824,2.1446955,0.9666665,0.9487018,8.548614,0.51722366,7.4801593,1.6281439,22.555841,0.5649542,557.00006,0.3454839,1222.0018,0.2069241,-129.37009,-0.6929068,1635.032,0.15662807,814.2704,0.47679636,-128.08131,-0.65766287,2722.8508,0.091525316,823.43555,0.5808809,-129.91652,-0.62952644,-17.178175,-0.5895623,26.706211,0.40609932,0.05173601,0.7446136,-0.020135202,-0.70452046,0.20698346,0.9565875,26.18059,0.47436595,10.748431,1.3832278,11.81702,1.490769,-2.2495701,-7.1666584,-11.736759,22.132206,-0.005524063,-0.0061796014,0.02891838,1.6094009,1.667412,0.2378544,0.23882535,0.35358566,0.63272935,-36.352768,1
6,30.491093,0.24187106,25.246567,31.84885,36.131405,10.884838,295.46487,386.31778,139.67992,236.87067,0.14769976,1.4662997,0.04007508,0.054683566,0.205276,0.16520092,4.90115,4.0008554,4.9956727,4.5884566,0.061689414,2.0120544,21.680834,0.44872138,13.652688,0.688318,5.8622766,1.8834543,-0.37146676,-32.96243,0.052259553,2.0188909,1.2458798,0.7602314,5.2776303,1.1197271,5.9651694,3.4126208,23.315163,0.6399941,504.0919,0.38378194,1219.2181,0.18848535,-160.67679,-0.4841535,1593.4728,0.17517653,925.1863,0.42045695,-158.89302,-0.46715444,2610.3364,0.114940174,855.4646,0.45872542,-159.69673,-0.45566067,-17.766384,-0.42207476,26.112076,0.36415198,0.047557876,1.0628864,-0.026896948,-0.50796384,0.18847209,1.0716442,25.325968,0.45644674,13.021188,1.0787463,10.700418,1.3828989,-10.00898,-1.6646882,-17.112312,28.541277,-0.024748988,-0.012914597,0.022815855,0.71275836,0.9659643,0.23067114,0.27986735,0.7801342,2.2729821,-40.584667,1
7,26.465872,0.18982117,24.540203,25.993961,28.449368,3.9091644,421.21527,549.9268,136.52003,346.36282,0.20465463,1.4543334,0.05427911,0.07751491,0.25067335,0.19639423,7.709648,5.5134563,6.7118287,4.630749,0.098732546,1.9315588,18.660015,0.56192946,10.441026,0.7456418,7.656225,1.4324297,8.458082,1.4004321,0.04252676,2.5371542,1.1903533,0.9112935,5.1521606,0.8216156,4.2658277,3.754817,22.884686,0.6359144,519.61255,0.4199586,1234.3673,0.20196153,-161.2501,-0.46391308,1511.3337,0.18858859,956.27466,0.33417588,-162.2863,-0.43770358,2514.6357,0.1266397,824.6297,0.3349474,-163.46901,-0.4201199,-17.651192,-0.46171957,26.702728,0.3179489,0.01070814,3.7697825,-0.014788226,-0.9062742,0.32318863,0.8409184,29.744532,0.38740516,12.428123,0.8588129,13.328357,1.1368184,14.114928,1.1350536,-14.270727,24.19352,-0.027985884,-0.007996177,0.0362102,0.93407094,1.0253153,0.20017698,0.21317647,0.7257264,1.2074231,-35.1488,1
8,25.732147,0.16625601,24.928596,26.225441,28.020414,3.0918179,464.8702,470.2622,79.24278,106.57039,0.19040836,1.0003965,0.053480215,0.101461165,0.3279241,0.2744439,5.1021748,3.2717512,3.8070164,2.3858984,0.074809104,1.277662,21.549171,0.59012866,13.548938,0.875718,7.832469,1.5510082,7.0378428,1.8980787,0.03931713,2.2792108,1.2053468,0.8560099,4.8930326,0.81579655,0.37235028,43.622726,22.233038,0.5892273,492.0803,0.358792,1208.153,0.21067499,-135.12099,-0.6475136,1523.7805,0.1744612,910.8299,0.3658754,-139.62387,-0.57454073,2567.9243,0.11286625,862.84265,0.4097827,-141.34784,-0.5509371,-20.207857,-0.4473807,29.027811,0.34503666,0.008698555,4.5527787,-0.026078185,-0.5118737,0.15377139,0.77723336,27.072184,0.4304608,21.649055,0.5708449,11.527963,1.2809901,11.158826,1.498222,-13.911164,24.552803,-0.031922247,-0.010402258,0.0316599,2.0993052,1.5338303,0.21915887,0.17919146,0.40981308,0.71243024,-40.32632,1
9,20.681316,0.16621141,17.796522,21.02062,23.278152,5.4816303,148.22237,284.0997,97.30601,156.55754,0.37904784,1.0119802,0.059458442,0.17470269,0.71641773,0.6569593,6.8648267,4.316214,6.3742228,4.2299223,0.20758277,1.1611452,26.033785,0.4233369,11.34266,0.9170834,11.602673,1.1973027,9.12007,1.2666714,0.047984917,1.5213892,1.2546673,0.9530241,2.2564335,1.758761,3.2321699,3.1685472,25.543236,0.45601708,465.82352,0.38157752,1203.4585,0.17333238,-110.19081,-0.8614719,1492.3499,0.16552964,902.35284,0.3745695,-117.03914,-0.7447063,2457.9797,0.11711451,783.8393,0.4054117,-118.5072,-0.7220257,-18.63156,-0.35536978,25.31959,0.26914278,0.0042575314,8.006852,-0.021023868,-0.594827,0.38313797,0.6005106,32.506645,0.30843276,13.952955,0.6871245,15.267236,1.0794148,10.35171,1.1409281,-14.728078,23.647884,-0.016308233,-0.010570952,0.053399846,2.0314586,1.347036,0.3339655,0.35901654,0.38467532,0.65475404,-31.5405,1
10,25.070862,0.19964212,23.592388,25.402157,27.20651,3.6141224,366.7954,350.82043,121.48078,199.27184,0.17249088,1.3417062,0.046637297,0.07068016,0.25091398,0.20427668,4.987546,4.2585025,4.332593,3.295565,0.071008824,1.6776618,22.88812,0.38653344,14.973661,0.660612,9.979741,1.3549026,-0.09078853,-132.46703,0.050384548,2.308672,1.2054882,0.88340247,3.8238032,1.1709712,2.695666,6.3182206,21.48748,0.6215496,467.24875,0.3754641,1179.9901,0.20527536,-152.37418,-0.530193,1491.2621,0.17285031,876.2549,0.39811465,-154.3308,-0.49062642,2622.1365,0.08350603,699.1063,0.6832181,-155.47816,-0.47387457,-17.071136,-0.5317225,25.732628,0.38523722,0.010622859,3.5192072,-0.01924504,-0.7123574,0.18643601,0.7845512,28.050402,0.37016246,13.903739,0.9682241,18.19516,0.9930169,-4.25476,-4.035604,-16.793568,27.156313,-0.024718173,-0.014844064,0.029780434,0.9734262,1.3008246,0.19153005,0.1943459,0.55195653,0.8177291,-39.715252,1
11,33.29497,0.22214405,29.181828,34.807793,38.26654,9.084713,372.0988,559.84467,206.16187,345.13397,0.24571149,1.1504958,0.05008723,0.104405284,0.44403088,0.39394367,7.1064463,4.609453,4.7573957,3.4728909,0.10368811,1.5783883,22.261312,0.5234955,13.747348,0.90646034,3.781966,3.5106215,3.8685124,3.3368855,0.05334777,2.077933,1.1375546,0.8835201,6.507003,0.8551631,4.0819383,4.23508,20.994585,0.73388994,619.6859,0.31647882,1279.0515,0.19577518,-141.71541,-0.6045951,1644.7063,0.15795876,937.22626,0.44744733,-139.66406,-0.5844173,2729.1191,0.1156454,778.99225,0.55824375,-141.82051,-0.55442595,-16.324863,-0.56183803,27.657345,0.35408223,0.04391519,0.83066815,-0.02236716,-0.6782869,0.23369384,0.8659064,28.024464,0.39566877,9.778465,1.4828279,2.199842,8.2953205,-1.5369332,-9.74234,-15.572279,25.802181,-0.019402113,-0.014519228,0.034992624,1.5617927,1.4945652,0.21974747,0.19115394,0.43541235,0.80049926,-37.026848,1
12,30.694237,0.2641816,26.106943,32.53911,35.75885,9.651907,406.28534,447.71283,212.29138,361.54324,0.21774916,1.9133637,0.050555512,0.06943288,0.19887352,0.14831801,9.673556,7.6792884,8.5731325,8.702734,0.13107826,2.1189885,19.164513,0.44704384,12.793048,0.9544694,7.8108077,1.2169963,7.6220284,1.4488041,0.04968417,1.5550693,1.3672734,0.7027989,3.9994886,1.402685,4.2537684,5.227576,15.132418,1.198286,489.7931,0.4199802,1186.885,0.18364699,-164.60928,-0.4404108,1503.5453,0.16881263,914.83575,0.31942815,-161.1211,-0.45049,2502.556,0.10924642,850.57916,0.34648827,-162.08133,-0.4361092,-13.798787,-0.62502265,23.801167,0.41041398,0.019656615,2.536408,-0.015500923,-0.8255428,0.3958933,1.1755395,27.786573,0.35033917,0.62545764,24.712824,11.151031,1.3077787,1.8747047,8.978979,-19.617374,31.149769,-0.039889876,-0.0074973824,0.057262793,0.74038917,1.1965812,0.1663492,0.2070833,0.5735461,1.2174093,-33.358444,1
13,30.817251,0.19562197,29.073881,32.493,34.032154,4.958273,484.37112,547.2772,165.06276,263.1692,0.31626034,1.4757365,0.05742161,0.094947696,0.53855985,0.48113823,8.962177,6.4407268,8.07788,7.716752,0.16112927,1.9014709,20.302,0.5059038,17.436646,0.50369585,3.943967,2.6955228,0.7184931,13.297768,0.040561102,1.7701553,1.1862701,0.77838725,6.730345,0.75902236,9.346777,1.8612012,26.21377,0.51350254,515.3201,0.4389883,1232.4537,0.20101605,-151.07074,-0.54292375,1515.8954,0.2191519,935.1459,0.3432381,-150.46808,-0.5133478,2568.8132,0.1362175,765.8818,0.46422285,-152.34128,-0.4875764,-18.92643,-0.36398774,28.61832,0.28008303,0.033289038,1.1155229,-0.019755514,-0.71207464,0.45534635,0.9260548,27.90208,0.39508307,19.976788,0.4796722,7.074657,1.9290321,-0.10576332,-118.81511,-14.446782,23.906075,-0.014328928,-0.012866982,0.04234492,0.9277344,1.0666015,0.25694656,0.2555637,0.6276642,1.0742183,-29.089176,1
14,31.71733,0.17684813,28.515774,32.855988,34.457615,5.941841,484.3142,665.14905,143.91191,207.24043,0.12566115,1.081292,0.049109124,0.06380875,0.17970276,0.13059363,5.420026,4.5288258,3.251823,2.9760592,0.04328714,1.5032135,24.015158,0.39884445,12.887922,0.8720497,5.007454,2.425646,4.933314,2.3067205,0.037427224,2.318734,1.1019313,0.90275514,6.89459,0.70131415,6.3033466,2.1614723,22.057898,0.6035031,595.2307,0.3353122,1282.7029,0.18971473,-163.28354,-0.45086607,1638.5695,0.155553,944.3077,0.43761325,-163.71907,-0.42958868,2624.2988,0.110278614,928.60223,0.3939403,-165.10704,-0.40927994,-16.482695,-0.5711027,26.817785,0.3894365,0.029199144,1.152759,-0.021514906,-0.67645013,0.10555387,0.9118539,31.998783,0.3454664,7.0511575,2.1984966,8.667577,2.3132174,5.4104652,3.0243003,-16.77725,26.85637,-0.0142907845,-0.017956354,0.026838182,1.1564012,1.0912373,0.17864662,0.15975913,0.6789286,1.3202583,-45.503407,1
15,30.695862,0.1585447,28.773605,31.359772,33.907543,5.133938,385.22244,462.51447,122.32574,209.7004,0.18077455,0.95981026,0.054708906,0.11018354,0.28585127,0.23114237,4.7185545,3.500235,2.9931114,2.3017955,0.069860876,1.3428422,23.483461,0.5083867,20.500023,0.5430821,10.003894,1.2222223,-9.155512,-1.5462254,0.042816725,2.3343067,1.1756716,0.86381656,6.3147063,0.7484358,2.908494,4.474798,27.562235,0.48425812,543.4565,0.28045028,1200.9584,0.16827159,-121.31473,-0.7580044,1652.679,0.18147416,894.1461,0.4949826,-127.167404,-0.6523297,2805.6448,0.09570009,719.61206,0.7329261,-129.09702,-0.6249758,-20.68108,-0.38512236,29.213081,0.31361452,0.045087963,0.7528655,-0.035295036,-0.38230026,0.12770236,0.91482294,30.497688,0.34791157,18.353592,0.77624756,14.422845,1.0315022,-16.625076,-0.9899832,-17.655567,26.590136,-0.0060681114,-0.023752997,0.027169958,2.0196962,1.7034069,0.23882352,0.22488469,0.3304975,0.7077691,-42.16779,0
16,32.21797,0.16219394,31.196907,32.438793,34.462227,3.2653198,416.53043,573.69104,121.68701,246.1319,0.23436031,1.0082023,0.051934224,0.117504984,0.41023502,0.3583008,6.622316,5.0121875,4.388372,3.0162518,0.08564292,1.342933,20.705568,0.65160775,16.736877,0.77660596,7.8679733,1.7780501,0.6942306,17.983137,0.028852418,2.466769,0.95647216,1.0525339,7.2246065,0.734841,10.816372,1.3628476,26.647608,0.5534117,475.87042,0.35070792,1198.3141,0.1980192,-133.61461,-0.67948115,1536.8668,0.17888749,903.8712,0.4670566,-136.06602,-0.6109333,2575.5547,0.1022224,853.6557,0.63965523,-137.67717,-0.58697385,-17.354258,-0.5877001,25.890888,0.41678333,0.05663814,0.59967077,-0.022762895,-0.6226579,0.17206506,0.79385227,26.062061,0.5177395,17.176802,0.8418092,9.091656,2.188136,-1.6799499,-9.942635,-14.539883,22.93101,-0.008775675,-0.020140074,0.03585493,2.0329716,1.4698342,0.23819767,0.2336856,0.43512046,1.2761291,-39.041824,0
17,24.969404,0.2481988,21.762127,24.402542,28.800648,7.038521,335.00546,355.43054,177.68312,433.33902,0.22769928,1.2422106,0.05419311,0.108475745,0.35463655,0.30044344,10.34725,14.476119,5.7785225,7.856411,0.09716244,2.665284,24.082497,0.5331295,6.7385473,2.014554,9.882857,1.5052935,1.7566483,6.715191,0.05007251,1.8817848,1.3242825,0.8882633,1.9780568,2.3511932,2.3117507,7.4144735,15.602518,0.8818416,506.3672,0.4356209,1229.161,0.18334764,-141.25522,-0.6174432,1514.4098,0.18512882,908.4057,0.3422731,-142.8113,-0.5795785,2504.5703,0.1067101,778.8118,0.38090438,-143.06563,-0.5748172,-12.231035,-0.5932404,18.93832,0.4728525,0.03544967,0.9581902,-0.018532772,-0.6772178,0.20704694,1.8573737,32.194588,0.36750695,-1.0981882,-12.815089,19.523241,0.90327156,-0.57353014,-26.562141,-13.095628,22.646507,-0.0038268026,-0.0150401695,0.046683256,0.7462687,1.7205559,0.17211321,0.17353176,0.39137405,1.1604863,-37.884106,0
18,32.544575,0.17452595,29.411955,32.811104,36.403015,6.9910603,373.83197,564.0543,90.6371,146.53142,0.28711477,1.3457443,0.05047569,0.09846326,0.4626838,0.4122081,7.5191774,5.0347867,5.9529634,4.5259953,0.10251799,1.8169141,23.508276,0.46705753,8.407878,1.7184217,5.4687595,2.30841,0.89132285,15.647262,0.032395527,2.3174493,0.99625826,1.0316521,7.0207114,0.77642065,0.7885815,20.042051,16.794018,0.8545948,477.8436,0.37665674,1197.5255,0.1885054,-143.1321,-0.61219645,1511.8234,0.15878764,880.9676,0.40388113,-138.93811,-0.6161625,2525.153,0.104086086,892.8004,0.5113453,-140.68843,-0.5907153,-12.593024,-0.5955507,22.325014,0.37617034,0.059407745,0.5970813,-0.024732834,-0.54296875,0.24600683,1.0475501,28.790344,0.3513027,-1.5499227,-9.871053,6.5697436,2.481817,-7.8292212,-2.0624745,-14.6708355,24.317835,-0.010007013,-0.017163303,0.03142691,1.1058708,1.3989806,0.22612403,0.22999597,0.48869917,0.78973746,-35.86675,0
19,34.377632,0.14528745,32.09329,34.470654,37.022163,4.928875,242.05363,354.68832,134.25159,230.25769,0.2302874,0.9964562,0.054205116,0.14294504,0.3777738,0.32356867,4.273254,2.96378,2.9264665,2.2220697,0.06943808,1.4332598,24.107288,0.595752,8.7444725,1.6381165,2.3854928,5.4294405,-8.598677,-1.8533595,0.02309951,2.6311162,0.8442548,1.0963622,8.876604,0.56563586,3.747793,2.8651679,25.501942,0.52077377,622.42847,0.27453285,1272.6166,0.16618192,-113.89118,-0.82709944,1631.7817,0.16884486,963.78595,0.40623838,-115.86491,-0.756526,2721.8025,0.08734654,761.76324,0.53256893,-119.51983,-0.6996673,-17.02495,-0.5404789,27.776999,0.36013946,0.05988491,0.5637472,-0.026935866,-0.6072704,0.119123854,1.0067323,33.81542,0.34622902,4.0417433,4.059122,0.41523343,33.466496,-18.117638,-0.8466662,-13.369918,22.739597,-0.005796762,-0.012721079,0.025001612,1.6904262,1.5897757,0.28529412,0.24739309,0.3117143,0.5487821,-40.56305,0
20,30.448992,0.16943997,28.836536,30.37495,32.785633,3.9490967,406.92508,558.4127,148.24524,364.73605,0.24600336,0.841952,0.059479207,0.19324322,0.40866578,0.34918657,5.388822,4.261365,3.7881265,2.9644144,0.08693716,1.3474919,23.069359,0.61913526,11.150749,1.2424434,3.7733414,3.8358524,5.6664248,2.185517,0.036815524,2.4280853,1.0062677,1.0121381,6.2211995,0.8474064,3.577775,3.6639247,24.263718,0.561206,519.10657,0.32048476,1284.209,0.17117262,-111.5039,-0.84309715,1541.4209,0.1542478,956.68555,0.35237917,-115.07767,-0.75519747,2563.5562,0.08945108,847.3222,0.46583936,-118.39274,-0.70419985,-16.351715,-0.5043158,26.16281,0.34886652,0.047094688,0.7213399,-0.02336526,-0.6103583,0.13615194,1.0394185,30.744041,0.37642297,10.918038,1.3161612,3.2960122,5.0562243,3.0778346,4.4878163,-11.892888,22.204998,-0.014046248,-0.006781933,0.0425159,1.8261608,2.2728882,0.19831775,0.18557054,0.22742765,0.40729815,-39.31939,0
21,31.139273,0.21956229,25.730083,32.51719,35.124092,9.394009,365.30884,489.45078,262.21335,402.2435,0.25254425,1.0739559,0.061152145,0.1309298,0.41541094,0.35425878,6.464706,4.6501155,4.651074,4.266983,0.096391805,1.4446031,18.628275,0.714591,8.452655,1.3260968,8.75589,1.614721,-0.8159407,-18.360712,0.05936567,1.7697186,1.2630978,0.8555817,5.110459,1.1077791,5.5606103,2.9535098,19.580734,0.7596873,549.2738,0.34135845,1233.3048,0.2056782,-134.33844,-0.66136724,1637.0125,0.15184309,884.2033,0.5524611,-134.97346,-0.6187129,2671.4375,0.10134513,946.5057,0.55192184,-136.12877,-0.6014136,-15.402304,-0.5539764,24.32271,0.43553755,0.03894652,0.95797163,-0.022216251,-0.57815546,0.19654314,0.90744674,25.673975,0.43324694,7.7654905,1.7502898,14.081048,1.2830675,-9.711856,-1.5782423,-12.604778,21.647781,-0.01945876,-0.0094184,0.03827786,1.5698773,1.8065889,0.19124183,0.18040194,0.34214523,0.5755924,-38.979458,0
22,33.141354,0.16379194,30.61516,32.84523,37.139854,6.5246944,319.06677,504.19336,142.35837,242.2487,0.13075396,1.1043824,0.03773529,0.06777384,0.19505884,0.15732354,4.156297,2.9143867,2.6139712,2.215925,0.037860792,1.465079,23.020702,0.49230215,9.364422,1.3249422,5.4077168,2.375271,1.2596558,11.716104,0.02926554,2.4967413,1.0044683,1.0453528,7.5780725,0.679266,4.4291015,2.8161373,23.160908,0.57521486,535.1329,0.3547465,1242.6029,0.18997623,-155.9989,-0.5100286,1543.8647,0.17006408,943.95465,0.3670916,-154.0502,-0.50257224,2628.5645,0.111029066,915.8438,0.45725742,-156.30348,-0.47040546,-14.318308,-0.6304098,26.099884,0.3992525,0.04033027,0.81531227,-0.017939335,-0.770006,0.08068123,0.9984644,30.494383,0.3954291,3.6842508,4.282182,5.443442,2.964293,-9.974471,-1.6829726,-14.2929945,26.039848,-0.013990697,-0.0067846933,0.023039438,1.3057344,1.4385458,0.16740584,0.1402328,0.51692307,0.87200123,-45.88488,0
23,32.843086,0.18368755,30.896606,32.735664,35.64592,4.7493134,433.40854,682.7725,222.24452,482.88593,0.20720226,1.1873884,0.04706154,0.10516549,0.31837708,0.27131554,6.035174,3.7514708,4.192514,3.245035,0.06443185,1.4811864,21.10588,0.5531266,5.5732546,2.500034,10.565165,1.3865824,-2.8534634,-5.598734,0.037855327,2.470427,1.0483552,0.9751476,6.4141297,0.83871555,2.9966373,4.725902,17.752302,0.77798814,474.16888,0.33305022,1144.2864,0.19468756,-143.1225,-0.61188215,1544.0531,0.15340447,826.42206,0.5413608,-142.06027,-0.58635664,2575.4797,0.108738184,877.19086,0.71463764,-142.92235,-0.5728604,-12.728319,-0.5966327,21.414173,0.43883038,0.05108111,0.66034436,-0.02250895,-0.6261939,0.14457679,0.8988014,28.0152,0.3883273,-1.5002404,-10.95915,13.700402,1.3181552,-15.83837,-1.072798,-12.003291,20.845423,-0.009971787,-0.0092491675,0.026484065,1.5860524,1.5381821,0.19779527,0.18235299,0.43241107,0.91390663,-41.89981,0
24,30.690487,0.19921763,28.503468,31.29129,34.315693,5.8122253,354.1616,457.45334,102.25547,118.24515,0.21085449,0.95198554,0.046612065,0.12737274,0.37121248,0.32460043,5.056164,3.0430443,3.3719304,2.2054474,0.08069062,1.2482079,21.71214,0.57078344,15.661472,0.82781136,7.1352615,2.005334,4.277393,3.0290613,0.042542264,2.161259,1.1624688,0.9176738,6.409354,0.8553864,8.147917,1.5989234,27.203732,0.547341,502.11414,0.32109988,1260.5613,0.18509136,-123.90131,-0.7385885,1564.9115,0.1759999,902.71814,0.41337922,-127.02349,-0.65744483,2616.3472,0.107444905,885.7954,0.4846057,-128.968,-0.6292809,-19.429495,-0.46705732,28.810247,0.34777474,0.04324855,0.8064367,-0.024748037,-0.56459576,0.15279217,0.7459346,28.361982,0.39416122,19.401253,0.7158874,7.6145825,2.2641075,3.4025877,4.3666086,-14.342125,23.78457,-0.014993408,-0.013224705,0.027379557,2.2614334,1.7146974,0.23743698,0.21291038,0.32910255,0.88212913,-39.783203,0
25,30.096577,0.19647522,26.989807,30.001175,32.12418,5.1343727,284.42075,412.27768,190.55748,430.8237,0.5677516,0.84679645,0.12663035,0.42701155,0.9790616,0.85243124,7.6314497,4.303151,5.696094,3.6006405,0.24458998,1.0289986,23.10419,0.6116691,3.5376835,4.329282,-3.7720072,-4.649425,-2.5247607,-6.294771,0.03819706,2.1263628,1.2073475,0.8413063,5.151804,0.95713663,-1.3739302,-9.764436,18.305933,0.73519284,498.06262,0.40906438,1258.5614,0.19914289,-77.85172,-1.2527374,1494.2363,0.16502102,968.8614,0.33198348,-79.5015,-1.153998,2536.5933,0.10866725,945.7621,0.38953808,-85.23751,-1.0204679,-13.097391,-0.6058,26.3199,0.36711773,0.06136446,0.678013,-0.025331605,-0.61552006,0.3469698,0.75389594,28.945587,0.33984938,0.38484064,39.147987,-6.452338,-3.1093369,-7.928691,-2.05996,-8.4689045,18.7527,-0.016119638,-0.007321652,0.07457501,2.4204514,1.9812305,0.3049428,0.25138396,0.19332506,0.28263444,-30.752026,0
26,26.67125,0.22656882,24.42207,27.425278,29.745943,5.3238735,278.92392,269.9236,174.2797,231.5366,0.12414282,1.2934064,0.039575104,0.058301006,0.13575906,0.096183956,4.938071,3.3767555,3.2801707,2.1396472,0.048328992,1.6460663,20.003319,0.5361401,14.945016,0.6244562,7.951985,1.5344071,-1.1979275,-9.713485,0.0571843,1.9294813,1.3094997,0.80138236,3.8629797,1.3012694,3.1868339,4.4532933,28.114193,0.47540817,529.8612,0.29374716,1218.9222,0.20449826,-170.02357,-0.4085048,1632.4578,0.18511365,884.4983,0.47010455,-172.36578,-0.36545563,2723.981,0.11095083,845.1135,0.5622819,-173.0447,-0.3547377,-19.389765,-0.4805361,28.548855,0.35049975,0.042997047,0.8396465,-0.03263371,-0.44179323,0.17726704,0.68617,28.514866,0.46952695,20.60485,0.63243425,11.876733,1.6378015,-8.128318,-1.5834167,-16.989311,27.054798,-0.025573678,-0.014508027,0.023222547,1.0115293,0.83795846,0.18168831,0.17557624,0.9156626,2.2683094,-43.505894,0
27,31.24454,0.18895987,30.29159,32.020035,34.372475,4.080885,367.5929,505.0405,207.58002,375.98843,0.25047603,1.0206411,0.055289377,0.13848512,0.42460746,0.36931807,5.2937813,3.4518297,4.2764993,3.0612686,0.079518765,1.2868788,18.185219,0.74316597,13.208356,0.95094186,9.924214,1.2633768,1.3938429,8.527935,0.02897531,2.6452723,0.88043994,1.0670348,7.4045997,0.7404481,5.462686,2.87244,22.305374,0.72295797,529.90424,0.30765638,1218.7328,0.18766847,-127.37715,-0.7141516,1618.235,0.16754901,880.03894,0.52359116,-130.88242,-0.6394599,2650.2551,0.09951942,858.99194,0.63917816,-131.59091,-0.62726927,-17.543982,-0.47636622,24.906021,0.38184223,0.04356199,0.920816,-0.030487541,-0.44697413,0.14921963,0.8423426,25.505602,0.45894065,15.372202,0.8743366,10.293008,1.4856901,-2.396682,-5.191005,-13.570955,22.029709,-0.028985249,-0.013107561,0.033775788,2.0206556,1.6850147,0.2242,0.19294652,0.3432237,0.80786395,-38.742733,0
28,29.153894,0.20675567,26.47963,29.721823,32.464733,5.9851036,287.97513,387.92032,189.76367,295.88785,0.20765178,1.3382443,0.048976704,0.089466274,0.3118195,0.26284277,7.224971,5.798553,5.1626477,4.73384,0.08186816,1.9057565,21.280321,0.4918088,9.927126,1.2075154,6.20824,2.0381424,6.9621377,1.7219514,0.048281632,2.1338956,1.217387,0.9312079,5.0935144,1.0278565,2.8626041,6.129144,19.830807,0.82890725,465.8486,0.34021345,1202.7599,0.17286031,-140.0718,-0.63514256,1505.9364,0.1562674,877.9775,0.4195108,-141.31648,-0.5895106,2523.7957,0.096390925,846.2811,0.4067788,-142.45328,-0.5728723,-15.759837,-0.51816034,24.128244,0.39747074,0.045910183,0.8071925,-0.025274253,-0.52222294,0.1968081,1.1641818,27.104774,0.3592551,11.703897,1.2946225,7.651305,2.2340436,4.433948,3.5977442,-14.035626,23.545946,-0.02437491,-0.011118919,0.0265209,1.0250949,1.4984016,0.20577778,0.2023472,0.45298162,0.7922671,-38.584396,0
29,31.305367,0.1909978,29.574762,32.203938,34.277206,4.702444,406.869,520.444,137.23405,205.77731,0.45009607,1.2433157,0.051118765,0.14505625,0.86875176,0.817633,10.867257,5.5501995,8.078364,5.357349,0.18502752,1.4479502,19.423695,0.6846938,11.608714,1.0559467,5.4481225,2.873258,0.7603767,17.887777,0.031497654,2.5706322,1.0866634,1.0708133,6.1245475,0.89507145,4.0125833,4.2068524,21.818289,0.7845638,476.73236,0.35128808,1176.6523,0.21319711,-121.021545,-0.7834454,1494.8593,0.15770897,857.7025,0.4786625,-123.76232,-0.71374035,2558.5264,0.10715125,850.0281,0.5830758,-125.85783,-0.68039036,-13.602143,-0.6658031,23.498116,0.4667727,0.06094356,0.6988703,-0.023405788,-0.61136234,0.373612,0.8376361,23.98188,0.5401394,11.24083,1.1793522,1.7885866,11.164681,-5.647635,-2.7095852,-13.701844,22.91228,-0.022062331,-0.010563254,0.048480973,1.9740044,1.5784717,0.25497797,0.21177739,0.37082568,1.02382,-31.600433,0
30,33.014282,0.15386692,30.10256,33.019444,36.3035,6.200941,388.97775,481.3998,133.23976,252.23993,0.25398415,1.0973766,0.054199476,0.1312682,0.42642313,0.37222365,6.32283,4.650636,4.8406796,4.279163,0.08406849,1.4876323,18.381422,0.58909637,6.6229663,2.1403208,14.10275,1.0182012,-2.8460104,-5.426497,0.031443853,2.4128923,1.0204092,0.93887794,6.8239894,0.74774283,8.311264,1.8428565,18.075178,0.7252017,499.17773,0.40961406,1172.6222,0.19997221,-133.96086,-0.6703568,1563.3083,0.1838324,861.3856,0.45598748,-130.35194,-0.65397274,2591.135,0.1135682,745.9292,0.4834101,-130.7977,-0.6461181,-13.433996,-0.6407945,21.398829,0.4246141,0.045473997,0.77722776,-0.018593194,-0.75689346,0.16320305,0.98926824,23.650913,0.40855783,4.3040795,3.834407,18.02031,0.9609036,-13.478688,-1.142167,-12.393066,21.203604,-0.024808675,-0.0076999012,0.03335091,1.4956964,1.7997036,0.20682351,0.20130093,0.33391997,0.5726589,-39.265686,0
31,31.420273,0.211287,27.985775,32.583637,35.593792,7.608017,380.59064,544.8182,182.90346,392.25983,0.22012046,1.0519013,0.04951309,0.11564181,0.35462034,0.30510724,6.095607,4.527719,3.8998172,3.0599155,0.07243672,1.429278,20.323658,0.5952282,10.077779,1.1010921,4.929532,2.7246346,5.598065,2.2071724,0.04994392,2.048851,1.0280185,0.9722486,6.24415,0.9162463,5.0612645,3.1416547,20.967201,0.7499006,591.4603,0.31180036,1303.6045,0.1811746,-135.38902,-0.6511414,1641.9618,0.14464863,968.4712,0.4910644,-136.42043,-0.6110313,2649.9805,0.09939295,909.9066,0.510962,-138.30994,-0.5840037,-14.923252,-0.52670616,24.915178,0.38465485,0.039224043,0.8834932,-0.021999154,-0.58789206,0.14341195,0.9384535,25.785183,0.391654,11.068544,1.1880941,1.5717148,10.0307255,5.686357,2.4602447,-13.8089485,23.041513,-0.022192685,-0.012433399,0.0325226,1.9880258,1.67409,0.20399082,0.16104631,0.37892523,0.94708174,-41.203033,0
32,30.13899,0.18085942,28.793514,31.057009,33.221306,4.4277916,491.29858,563.78046,130.86345,146.02948,0.15067181,1.0004119,0.048923764,0.07688698,0.25911555,0.21019179,4.6045666,3.3156404,3.1753721,2.23171,0.052987717,1.33582,23.62585,0.47389823,14.017773,0.7794502,9.7556,1.1672149,2.9223382,4.026112,0.038348194,2.3920333,1.0308226,0.98430026,6.325073,0.8136503,11.959436,1.49688,31.140877,0.47063527,550.66266,0.31864032,1287.569,0.17207512,-151.95378,-0.5351841,1559.0488,0.13553655,962.45795,0.39711237,-154.1249,-0.4889254,2703.1965,0.08471426,825.7178,0.57631934,-156.35826,-0.45822495,-18.763227,-0.4814564,29.791842,0.34513587,0.041053914,0.74664426,-0.019239902,-0.7523468,0.12319712,0.7592656,31.683619,0.3549943,14.395101,0.9238985,10.088162,1.4259067,5.8962717,2.2649477,-15.218445,25.24117,-0.001661284,-0.014512477,0.027657667,1.5305246,1.3764625,0.1811875,0.15831286,0.5229375,1.4431098,-43.552155,0
33,31.071735,0.23708038,26.466396,33.861614,36.622734,10.156338,507.4323,597.90845,112.73887,115.46008,0.21645567,1.558808,0.047412947,0.081165016,0.27427864,0.2268657,8.262558,7.882371,5.4067163,4.7124114,0.08135973,1.7179855,21.242031,0.4892066,16.097618,0.7486805,9.273987,1.2445155,1.6668121,8.296051,0.039383855,2.4611905,1.0295227,0.97119266,7.2044873,0.7964009,8.179037,3.1885583,21.723595,0.96052945,580.1718,0.37467235,1271.8073,0.2017601,-145.27007,-0.5701047,1668.7078,0.17109331,999.0514,0.39354214,-144.58633,-0.54388326,2687.738,0.12576014,949.3019,0.48688895,-145.8265,-0.52722114,-19.028353,-0.52982986,27.852924,0.41891578,0.028381286,1.9160794,-0.019041734,-0.66467905,0.18041141,1.1293341,26.898691,0.37361678,11.987713,1.3553673,10.705847,1.293962,-1.1969948,-14.482881,-17.658848,26.972727,-0.025064135,-0.014984994,0.03434487,0.86455333,1.4684674,0.20473215,0.1946928,0.4132787,0.6586865,-37.223434,0
34,29.184351,0.28425002,18.620071,32.706814,35.531765,16.911694,300.88174,493.3056,276.1424,530.9638,0.1249229,1.6415807,0.04278581,0.050838582,0.09762485,0.054839045,6.0789886,4.851152,4.80785,4.274828,0.049763758,1.7775526,24.200039,0.29626447,18.589918,0.5421314,10.169227,1.0185136,1.0920695,11.493335,0.05376438,1.8291368,1.366903,0.8351842,4.1737633,1.7013253,5.752757,4.388028,25.060122,0.7866529,499.27405,0.3230485,1247.037,0.1959012,-171.53955,-0.39139318,1593.8722,0.15679094,943.8045,0.4571401,-171.22543,-0.37422645,2684.4639,0.10270836,944.8391,0.53557944,-172.19351,-0.35987902,-19.43879,-0.47324643,29.697378,0.37030074,0.029823162,1.8564211,-0.026127907,-0.47327915,0.17617938,0.84481597,30.67482,0.27810767,11.148378,1.4811342,16.96107,0.8731465,-11.768043,-1.6124637,-19.774313,30.531576,-0.024050185,-0.016157614,0.02395622,0.6669361,0.7683494,0.2086842,0.23965074,1.1297222,1.918478,-42.425213,0
35,27.681782,0.18941724,25.621252,27.39349,30.067684,4.446432,396.51852,666.2961,212.29083,402.65256,0.2391886,1.1395557,0.063664176,0.122327775,0.38543847,0.3217743,7.9677863,6.8142266,5.026946,4.5057464,0.09957263,1.9086952,20.07871,0.66498506,11.091248,1.1882267,13.538223,1.0037575,0.5409837,20.137068,0.034642126,2.2186785,1.155342,0.88747555,4.9369392,0.8785799,2.7195454,5.6858773,22.222836,0.6998898,490.12482,0.32509294,1196.5577,0.19637665,-137.28871,-0.63981414,1567.8033,0.15632813,891.3181,0.47359788,-140.36217,-0.5786691,2590.0217,0.09922715,902.15454,0.53571546,-141.49532,-0.5619151,-16.995316,-0.49422917,25.947784,0.3560158,0.03409439,1.007639,-0.025186574,-0.49810877,0.2216817,1.2326534,30.145048,0.405941,10.778905,1.43843,20.240292,0.78356904,-2.6751344,-4.4910655,-11.216582,20.040075,-0.012583887,-0.012158419,0.035738923,1.3232181,1.3679287,0.23890321,0.2557634,0.45393747,0.75836843,-37.577774,0
